match,status,score
406,True,0.9996990779239177
407,True,0.9999994260218711
408,False,0.0007733693298452478
409,False,4.8759620924051215e-05
410,True,0.9999999328395021
